[
    {
        "name": "user-88675",
        "score": 79
    },
    {
        "name": "user-224032",
        "score": 92
    },
    {
        "name": "user-75965",
        "score": 338
    },
    {
        "name": "user-456714",
        "score": 80
    },
    {
        "name": "user-697057",
        "score": 306
    },
    {
        "name": "user-649556",
        "score": 135
    },
    {
        "name": "user-574552",
        "score": 214
    },
    {
        "name": "user-596178",
        "score": 336
    },
    {
        "name": "user-140303",
        "score": 210
    },
    {
        "name": "user-21664",
        "score": 277
    },
    {
        "name": "user-530463",
        "score": 167
    },
    {
        "name": "user-2461",
        "score": 387
    },
    {
        "name": "user-377580",
        "score": 193
    },
    {
        "name": "user-355050",
        "score": 490
    },
    {
        "name": "user-658277",
        "score": 184
    },
    {
        "name": "user-485095",
        "score": 57
    },
    {
        "name": "user-445784",
        "score": 332
    },
    {
        "name": "user-920424",
        "score": 486
    },
    {
        "name": "user-311967",
        "score": 293
    },
    {
        "name": "user-187947",
        "score": 216
    },
    {
        "name": "user-104181",
        "score": 446
    },
    {
        "name": "user-529944",
        "score": 456
    },
    {
        "name": "user-130451",
        "score": 96
    },
    {
        "name": "user-529025",
        "score": 125
    },
    {
        "name": "user-983160",
        "score": 210
    },
    {
        "name": "user-621267",
        "score": 190
    },
    {
        "name": "user-952446",
        "score": 459
    },
    {
        "name": "user-108961",
        "score": 174
    },
    {
        "name": "user-285193",
        "score": 77
    },
    {
        "name": "user-542143",
        "score": 245
    },
    {
        "name": "user-305255",
        "score": 411
    },
    {
        "name": "user-181142",
        "score": 326
    },
    {
        "name": "user-7025",
        "score": 290
    },
    {
        "name": "user-906612",
        "score": 23
    },
    {
        "name": "user-73904",
        "score": 57
    },
    {
        "name": "user-991632",
        "score": 133
    },
    {
        "name": "user-634250",
        "score": 16
    },
    {
        "name": "user-167339",
        "score": 54
    },
    {
        "name": "user-142112",
        "score": 380
    },
    {
        "name": "user-292307",
        "score": 148
    },
    {
        "name": "user-411322",
        "score": 107
    },
    {
        "name": "user-274642",
        "score": 418
    },
    {
        "name": "user-300543",
        "score": 77
    },
    {
        "name": "user-578990",
        "score": 140
    },
    {
        "name": "user-774042",
        "score": 126
    },
    {
        "name": "user-614795",
        "score": 307
    },
    {
        "name": "user-966337",
        "score": 268
    },
    {
        "name": "user-909857",
        "score": 278
    },
    {
        "name": "user-312140",
        "score": 467
    },
    {
        "name": "user-766770",
        "score": 298
    }
]